[{"precio":"123","id":11,"cantidad":"4","kg":"kg","nombre":"prova","cajas":0},{"precio":"523464","id":12,"cantidad":0,"kg":"uds","nombre":"jasldkf","cajas":0},{"precio":"00000","id":13,"cantidad":"2","kg":"kg","nombre":"lluis jover1","cajas":"3"},{"precio":"234","id":14,"cantidad":0,"kg":"uds","nombre":"asdfasdfasdf","cajas":0},{"precio":"2","id":15,"cantidad":0,"kg":"kg","nombre":"asdfasd","cajas":0},{"precio":"2","id":16,"cantidad":0,"kg":"kg","nombre":"asdfasdfasdfasd","cajas":0},{"precio":"432423","id":17,"cantidad":0,"kg":"kg","nombre":"prova precio","cajas":0},{"precio":"1234","id":18,"cantidad":0,"kg":"kg","nombre":"aco es una prova de teclat i aco es motl flac","cajas":0},{"precio":"2","id":19,"cantidad":0,"kg":"uds","nombre":"asdfasdfasd","cajas":0},{"precio":"","id":20,"cantidad":0,"kg":"uds","nombre":"","cajas":0}]