[{"fecha":"2022-03-28","cliente":"","total":"2","direccion":"","NIF":"","id":0,"nombredoc":"","direccionpostal":"","productos":[{"precio":"2","id":15,"cantidad":"0","kg":"kg","nombre":"asdfasd","cajas":"0"}]},{"fecha":"2022-03-28","cliente":"","total":"523464","direccion":"","NIF":"","id":0,"nombredoc":"","direccionpostal":"","productos":[{"precio":"523464","id":12,"cantidad":"0","kg":"uds","nombre":"jasldkf","cajas":"0"}]},{"fecha":"2022-03-28","cliente":"","total":"432423","direccion":"","NIF":"","id":0,"nombredoc":"","direccionpostal":"","productos":[{"precio":"432423","id":17,"cantidad":"0","kg":"kg","nombre":"prova precio","cajas":"0"}]},{"fecha":"2022-03-28","cliente":"","total":"432657","direccion":"","NIF":"","id":0,"nombredoc":"","direccionpostal":"","productos":[{"precio":"432423","id":17,"cantidad":"0","kg":"kg","nombre":"prova precio","cajas":"0"},{"precio":"234","id":14,"cantidad":"0","kg":"uds","nombre":"asdfasdfasdf","cajas":"0"}]},{"fecha":"2022-03-28","cliente":"","total":"1236","direccion":"","NIF":"","id":0,"nombredoc":"","direccionpostal":"","productos":[{"precio":"2","id":16,"cantidad":"0","kg":"kg","nombre":"asdfasdfasdfasd","cajas":"0"},{"precio":"1234","id":18,"cantidad":"0","kg":"kg","nombre":"aco es una prova de teclat i aco es motl flac","cajas":"0"}]},{"fecha":"2022-03-28","cliente":"","total":"1238","direccion":"","NIF":"","id":0,"nombredoc":"","direccionpostal":"","productos":[{"precio":"2","id":16,"cantidad":"0","kg":"kg","nombre":"asdfasdfasdfasd","cajas":"0"},{"precio":"1234","id":18,"cantidad":"0","kg":"kg","nombre":"aco es una prova de teclat i aco es motl flac","cajas":"0"},{"precio":"2","id":15,"cantidad":"0","kg":"kg","nombre":"asdfasd","cajas":"0"}]},{"fecha":"2022-03-28","cliente":"","total":"2","direccion":"","NIF":"","id":0,"nombredoc":"","direccionpostal":"","productos":[{"precio":"00000","id":13,"cantidad":"2","kg":"kg","nombre":"lluis jover1","cajas":"3"},{"precio":"2","id":16,"cantidad":"0","kg":"kg","nombre":"asdfasdfasdfasd","cajas":"0"}]},{"fecha":"2022-03-28","cliente":"","total":"2","direccion":"","NIF":"","id":0,"nombredoc":"","direccionpostal":"","productos":[{"precio":"00000","id":13,"cantidad":"2","kg":"kg","nombre":"lluis jover1","cajas":"3"},{"precio":"2","id":16,"cantidad":"0","kg":"kg","nombre":"asdfasdfasdfasd","cajas":"0"}]},{"fecha":"2022-03-28","cliente":"","total":"0","direccion":"","NIF":"","id":0,"nombredoc":"","direccionpostal":"","productos":[{"precio":"00000","id":13,"cantidad":"2","kg":"kg","nombre":"lluis jover1","cajas":"3"}]}]